张志勇,公务员,用车,市场,蛋糕
,记者,姜俊吉,公务车,论坛,,汽车,博物馆,隆重召开
知名,汽车,评论员,张志勇,认为,公车,改革,公务用车,市场,缩小,成,变大,蛋糕,自主,品牌,应该,市场,给予,重视
发言,内容
公务车,改革,具有,革命性,历史性,意义
月份,办,提出,意见,意见,推出,公务车,改革,实质性,步骤,公务车,取消
是从,政治,层面,制度,层面,探讨,公务车,取消,制度,政府,机关,自主,品牌,发展,带来,影响,希望,市场,层面,探讨,市场,发展,影响
公务车,数量,说法,拿出,数据,张志勇,觉得,数据,为准,换车,换掉,应该,换
数字,公务车,认为,公务车,取消,自主,品牌,影响,数量,算,账,公务车,更换,相当于,自主,品牌,企业,产销,规模,水平,自主,品牌,自主,品牌,企业,发展
公车,制度,改革,自主,品牌,发展,外资,品牌,发展
公务车,制度,改革,提到,了有,自主,品牌,倾斜,外资,品牌
考虑
场合,长安汽车,书记,朱华荣,讲,号召,党员,买,自主,品牌,能够,达到,目标
党员,买,自主,品牌,车,觉得,规模
数据,公车,改革,认为,市场,缩小,张志勇,认为,市场,变大,蛋糕,公务车,数量,公务员,队伍,官方,数据,吃,财政,饭,高于,吃,财政,饭,成为,购车,个体,市场
买车,产销,量
地方,保护,期望,打破,僵局
有点,闭关,解决,办法,期待,市场,解决,问题,期待,时间
自主,品牌,国家,重视,程度,放松,会议,官方,指定,用车,英菲尼迪,自主,品牌
高端,会议,论坛,出现,采用,自主,品牌,车型,问题,历年,高端,活动,自主,品牌,入选
发现,问题,自主,品牌,入选,高端,车型,自主,品牌,销量,增长,带来,相应,提高,好像,悖论
论坛,讨论,主题,公务车,改革,带来,机遇,觉得,应该,分,方向,部级,领导,干部,公务车,应该,蛋糕
执法,公务车,保留,市场,自主,品牌,外国,品牌,应该,斟酌
市场,细分,市场,群体,公务员,群体,公务员,群体,公务员,有车,上班,工作,比较稳定,群体,倒,自主,品牌,方向,公务员,社会,具有,影响力,带动,群众,具有,示范,效应
