港股,扫描,长江,实业,故事
前言,行,A股,带来,增量,资金,入场,能够,投资,心仪,港股,标的,股票,内地,投资者,荡漾,内心
财经,投资者,遴选,具有,代表性,港股,通,投资,标的,资,参考
提及,香港,提
称为,香港,李嘉诚,传奇,奋斗,历史,代表,港人,精神
提及,港股,股票,提,李嘉诚,先生,创办,长江,工业,有限公司,长江,实业,长江,实业,上市,奠基,香港,港,旗下,共有,上市公司,市值
业务,遍布,全球,国家,包括,物业,发展,投资,代理,管理,港口,相关,服务,电讯,酒店,零售,能源,财务,投资,电子,商贸,建材,媒体,生命,科技
港股,市场,老牌,劲旅,长江,实业,证券,代码,代码
长江,实业,香港,上市,香港,交易所,行政,监管,交易所,合并
香港,联合,交易所,有限公司,注册,成立,筹备,合并
合并,股票代码,重新安排,长江,实业,代表,香港,公司,定为
长江,实业,上市
公司,发行,上市,股票,认购,上市,升幅,凌厉,股价,上涨,达
长江,实业,发行,新股,用于,收购,土地
上市,土地储备,上升,逾,资产,价值,飙升
上市,长江,实业,扩张,步伐,加快
长江,实业,斥资,收购,老牌,英资,商行,记,黄埔,股权,李嘉诚,成为,收购,英资,商行,华人
长江,实业,购入,香港,电灯,公司,控制性,股权
时值,中东,石油危机,全球,油价,暴跌,石油,李嘉诚,进军,加拿大,购入,赫斯基,石油,逾,权益
联同,名,华资,大亨,李兆基,郑裕彤,夺得,温哥华,世界,专览会,旧址
图片,来自,长江,实业集团,年度,财报,和系,全球,多元化,布局,李嘉诚,内地,持有,大量,物业,熟悉,莫过,北京市,黄金地段,王府井,东方广场,项目
东方广场,权益,所有人,汇贤,控股,汇贤,控股,拥有,,东方广场,土地,使用,期限内,全部,租金,收益权,集团,记,黄埔,拥有,公司,股份
数据,显示,系,内地,发展,项目,面积,达到,面积,涵盖,内地,城市,项目,数量,大城市,重庆,武汉,东莞
广东省,发展,项目,比重,占,大陆,市场,惠州,东莞,深圳,珠海,中山,江门,佛山,广州,发展,项目,面积,达
李嘉诚,抛售,内地,资产,目光,转向,欧洲,市场
业内人士,认为,欧洲,资产,处于,低位,阶段
相,内地,香港,资产,处于,高位
减持,高位,资产,符合,李家,投资,理念
李嘉诚,侧重,投资,欧洲,布局
李嘉诚,累计,并购,金额,超过,公司,资产,转移,欧洲
重磅,投资,英国,以色列,爱尔兰,荷兰,奥地利,新西兰,澳大利亚,加拿大,成为,西移,选择
李嘉诚,旗下,公司,购进,新西兰,废物,管理,公司,亚洲,货柜,码头,荷兰,废物,能源,转化,公司,实业,巨头
长江,实业,宣布,斥资,折合,人民币,透过,项,收购,买入,架飞机,购自,中银,航空,租赁,涉资
集团,表示,收购,包括,收购,架飞机,收购,架飞机,权益
投资,机构,认为,拓展,客机,租赁,业务,强化,经常性,盈利,基础,空间,上调,派息,比率,看法,倾向
业绩,分析,图,长江,实业,股息,情况,主席,李嘉诚,召开,记者,见面会,包括,业绩,股东大会,业务,遍布,全球,涉及,码头,零售,电讯,能源,业务,全球,经济,发展,情况,全面,了解,李嘉诚,记者会,视为,经济,晴雨表,倍受,投资者,关注
系,业绩,发布会,长江,实业,记,黄埔,公布,财年,业绩,报告
报告,显示,系,业绩,突破,盈利,预期
李嘉诚,旗下,香港,长江,实业,旗舰,公司,记,黄埔,赚,高于
系,召开,业绩,发布会,受,分拆,港灯,淡马锡,出售,屈臣氏,股权,收益,带动,黄,盈利,增长
减持,中港,投资,加强,收购,影响,黄,中港,两地,业务,占息,盈利,比重,降
业绩,报告,显示,长江,实业,审核,营业额,港币,股东,应,占,溢利,港币,增长
溢利,港币
物业,销售,营业额,包括,摊,占,合资企业,物业,销售额,港币,同比增加,港币,物业,销售,收益,包括,摊,占,合资企业,损益,港币,同比增加,港币,物业,租务,营业额,港币,去年同期,减少,港币
机构,看好,实在,合约,销售,金额,超过,目标
高盛,预计,锁定,物业,盈利
计入,预测,调整,上调,盈测,目标价,上调,维持,买入,评级
实现,价,资产,净值,预测,有所,折让
相信,推动,股价,上行,空间
交银,国际,认为,管理层,购地,持,态度,倾向,投资,项目
地产,项目,致,蓝天,季,推出,相信,公司,短期内,催化剂
评级,买入,下调,中性,维持,目标价,扣除,和记,资产,净值,折让
摩根士丹利,指出,香港,伦敦,物业,销售,前景,负债率,地价,持续,偏低,预期,负债率,维持,低水平,重申,增持,投资,评级,目标价,维持,不变
美银,美林,发表,报告,指,飞机,租赁,业务,股本,回报率,合乎,实在,投资,追求,单位,双位数,回报,典型,策略
集团,业务,相似,客机,租赁,业务,因属,合约,回报
财务状况,可享,融资,预料,交易,将令,现金流,盈利,增生
美银,美林,建议,投资者,关注,能否,监管,业务,挑选,机型,航空公司,客户,关键
业务,疑问,看法,倾向,维持,买入,评级,目标价
综编,策划,港股,扫描,博彩,新军,银河,娱乐,港股,扫描,联想集团,跳舞,大象,转型,港股,扫描,关键词,解码,长江,集团,港股,扫描,澳博,控股,香艳,故事,五彩,筹码,港股,扫描,科技股,腾讯,控股,吸引力,港股,扫描,雷军,金山,梦,迷,港股,扫描,复星,全球,一流,投资,集团,港股,扫描,原奶,供应,面临,缺口,蒙牛,前景
